-- ExamCell Full Test Data: 4 students, 25 subjects, 25 professors, all enrollments and marks
-- Truncate all tables
DELETE FROM marks_records;
DELETE FROM enrollments;
DELETE FROM professor_subject_assignments;
DELETE FROM subject_branches;
DELETE FROM subjects;
DELETE FROM students;
DELETE FROM professors;
DELETE FROM users;

-- Users (Professors and Students)
INSERT INTO users (id, username, role) VALUES
(UNHEX(REPLACE('11111111-1111-1111-1111-111111111101', '-', '')), 'prof.1', 'PROFESSOR'),
(UNHEX(REPLACE('11111111-1111-1111-1111-111111111102', '-', '')), 'prof.2', 'PROFESSOR'),
(UNHEX(REPLACE('11111111-1111-1111-1111-111111111103', '-', '')), 'prof.3', 'PROFESSOR'),
(UNHEX(REPLACE('11111111-1111-1111-1111-111111111104', '-', '')), 'prof.4', 'PROFESSOR'),
(UNHEX(REPLACE('11111111-1111-1111-1111-111111111105', '-', '')), 'prof.5', 'PROFESSOR'),
(UNHEX(REPLACE('11111111-1111-1111-1111-111111111106', '-', '')), 'prof.6', 'PROFESSOR'),
(UNHEX(REPLACE('11111111-1111-1111-1111-111111111107', '-', '')), 'prof.7', 'PROFESSOR'),
(UNHEX(REPLACE('11111111-1111-1111-1111-111111111108', '-', '')), 'prof.8', 'PROFESSOR'),
(UNHEX(REPLACE('11111111-1111-1111-1111-111111111109', '-', '')), 'prof.9', 'PROFESSOR'),
(UNHEX(REPLACE('11111111-1111-1111-1111-111111111110', '-', '')), 'prof.10', 'PROFESSOR'),
(UNHEX(REPLACE('11111111-1111-1111-1111-111111111111', '-', '')), 'prof.11', 'PROFESSOR'),
(UNHEX(REPLACE('11111111-1111-1111-1111-111111111112', '-', '')), 'prof.12', 'PROFESSOR'),
(UNHEX(REPLACE('11111111-1111-1111-1111-111111111113', '-', '')), 'prof.13', 'PROFESSOR'),
(UNHEX(REPLACE('11111111-1111-1111-1111-111111111114', '-', '')), 'prof.14', 'PROFESSOR'),
(UNHEX(REPLACE('11111111-1111-1111-1111-111111111115', '-', '')), 'prof.15', 'PROFESSOR'),
(UNHEX(REPLACE('11111111-1111-1111-1111-111111111116', '-', '')), 'prof.16', 'PROFESSOR'),
(UNHEX(REPLACE('11111111-1111-1111-1111-111111111117', '-', '')), 'prof.17', 'PROFESSOR'),
(UNHEX(REPLACE('11111111-1111-1111-1111-111111111118', '-', '')), 'prof.18', 'PROFESSOR'),
(UNHEX(REPLACE('11111111-1111-1111-1111-111111111119', '-', '')), 'prof.19', 'PROFESSOR'),
(UNHEX(REPLACE('11111111-1111-1111-1111-111111111120', '-', '')), 'prof.20', 'PROFESSOR'),
(UNHEX(REPLACE('11111111-1111-1111-1111-111111111121', '-', '')), 'prof.21', 'PROFESSOR'),
(UNHEX(REPLACE('11111111-1111-1111-1111-111111111122', '-', '')), 'prof.22', 'PROFESSOR'),
(UNHEX(REPLACE('11111111-1111-1111-1111-111111111123', '-', '')), 'prof.23', 'PROFESSOR'),
(UNHEX(REPLACE('11111111-1111-1111-1111-111111111124', '-', '')), 'prof.24', 'PROFESSOR'),
(UNHEX(REPLACE('11111111-1111-1111-1111-111111111125', '-', '')), 'prof.25', 'PROFESSOR'),
(UNHEX(REPLACE('22222222-2222-2222-2222-222222222201', '-', '')), 'BTECH2024001', 'STUDENT'),
(UNHEX(REPLACE('22222222-2222-2222-2222-222222222202', '-', '')), 'BTECH2024002', 'STUDENT'),
(UNHEX(REPLACE('22222222-2222-2222-2222-222222222203', '-', '')), 'BTECH2024003', 'STUDENT'),
(UNHEX(REPLACE('22222222-2222-2222-2222-222222222204', '-', '')), 'BTECH2024004', 'STUDENT');

-- Professors
INSERT INTO professors (id, employee_id) VALUES
(UNHEX(REPLACE('11111111-1111-1111-1111-111111111101', '-', '')), 'PROF001'),
(UNHEX(REPLACE('11111111-1111-1111-1111-111111111102', '-', '')), 'PROF002'),
(UNHEX(REPLACE('11111111-1111-1111-1111-111111111103', '-', '')), 'PROF003'),
(UNHEX(REPLACE('11111111-1111-1111-1111-111111111104', '-', '')), 'PROF004'),
(UNHEX(REPLACE('11111111-1111-1111-1111-111111111105', '-', '')), 'PROF005'),
(UNHEX(REPLACE('11111111-1111-1111-1111-111111111106', '-', '')), 'PROF006'),
(UNHEX(REPLACE('11111111-1111-1111-1111-111111111107', '-', '')), 'PROF007'),
(UNHEX(REPLACE('11111111-1111-1111-1111-111111111108', '-', '')), 'PROF008'),
(UNHEX(REPLACE('11111111-1111-1111-1111-111111111109', '-', '')), 'PROF009'),
(UNHEX(REPLACE('11111111-1111-1111-1111-111111111110', '-', '')), 'PROF010'),
(UNHEX(REPLACE('11111111-1111-1111-1111-111111111111', '-', '')), 'PROF011'),
(UNHEX(REPLACE('11111111-1111-1111-1111-111111111112', '-', '')), 'PROF012'),
(UNHEX(REPLACE('11111111-1111-1111-1111-111111111113', '-', '')), 'PROF013'),
(UNHEX(REPLACE('11111111-1111-1111-1111-111111111114', '-', '')), 'PROF014'),
(UNHEX(REPLACE('11111111-1111-1111-1111-111111111115', '-', '')), 'PROF015'),
(UNHEX(REPLACE('11111111-1111-1111-1111-111111111116', '-', '')), 'PROF016'),
(UNHEX(REPLACE('11111111-1111-1111-1111-111111111117', '-', '')), 'PROF017'),
(UNHEX(REPLACE('11111111-1111-1111-1111-111111111118', '-', '')), 'PROF018'),
(UNHEX(REPLACE('11111111-1111-1111-1111-111111111119', '-', '')), 'PROF019'),
(UNHEX(REPLACE('11111111-1111-1111-1111-111111111120', '-', '')), 'PROF020'),
(UNHEX(REPLACE('11111111-1111-1111-1111-111111111121', '-', '')), 'PROF021'),
(UNHEX(REPLACE('11111111-1111-1111-1111-111111111122', '-', '')), 'PROF022'),
(UNHEX(REPLACE('11111111-1111-1111-1111-111111111123', '-', '')), 'PROF023'),
(UNHEX(REPLACE('11111111-1111-1111-1111-111111111124', '-', '')), 'PROF024'),
(UNHEX(REPLACE('11111111-1111-1111-1111-111111111125', '-', '')), 'PROF025');

-- Students
INSERT INTO students (id, roll_number, course, branch, batch_year) VALUES
(UNHEX(REPLACE('22222222-2222-2222-2222-222222222201', '-', '')), 'BTECH2024001', 'BTECH', 'CSE', 2024),
(UNHEX(REPLACE('22222222-2222-2222-2222-222222222202', '-', '')), 'BTECH2024002', 'BTECH', 'CSE', 2024),
(UNHEX(REPLACE('22222222-2222-2222-2222-222222222203', '-', '')), 'BTECH2024003', 'BTECH', 'CSE', 2024),
(UNHEX(REPLACE('22222222-2222-2222-2222-222222222204', '-', '')), 'BTECH2024004', 'BTECH', 'CSE', 2024);

-- Subjects and Subject Branches
INSERT INTO subjects (id, code, name, course, semester, credits) VALUES
(UNHEX(REPLACE('33333333-1111-1111-1111-111111111101', '-', '')), 'CS101', 'Maths 1', 'BTECH', 1, 4.0),
(UNHEX(REPLACE('33333333-1111-1111-1111-111111111102', '-', '')), 'CS102', 'Physics 1', 'BTECH', 1, 4.0),
(UNHEX(REPLACE('33333333-1111-1111-1111-111111111103', '-', '')), 'CS103', 'Chemistry', 'BTECH', 1, 3.0),
(UNHEX(REPLACE('33333333-1111-1111-1111-111111111104', '-', '')), 'CS104', 'Programming 1', 'BTECH', 1, 3.0),
(UNHEX(REPLACE('33333333-1111-1111-1111-111111111105', '-', '')), 'CS105', 'Electrical', 'BTECH', 1, 3.0),
(UNHEX(REPLACE('33333333-1111-1111-1111-111111111201', '-', '')), 'CS201', 'Maths 2', 'BTECH', 2, 4.0),
(UNHEX(REPLACE('33333333-1111-1111-1111-111111111202', '-', '')), 'CS202', 'Physics 2', 'BTECH', 2, 4.0),
(UNHEX(REPLACE('33333333-1111-1111-1111-111111111203', '-', '')), 'CS203', 'Data Structures', 'BTECH', 2, 3.0),
(UNHEX(REPLACE('33333333-1111-1111-1111-111111111204', '-', '')), 'CS204', 'Programming 2', 'BTECH', 2, 3.0),
(UNHEX(REPLACE('33333333-1111-1111-1111-111111111205', '-', '')), 'CS205', 'Electronics', 'BTECH', 2, 3.0),
(UNHEX(REPLACE('33333333-1111-1111-1111-111111111301', '-', '')), 'CS301', 'Algorithms', 'BTECH', 3, 4.0),
(UNHEX(REPLACE('33333333-1111-1111-1111-111111111302', '-', '')), 'CS302', 'Operating Systems', 'BTECH', 3, 4.0),
(UNHEX(REPLACE('33333333-1111-1111-1111-111111111303', '-', '')), 'CS303', 'DBMS', 'BTECH', 3, 3.0),
(UNHEX(REPLACE('33333333-1111-1111-1111-111111111304', '-', '')), 'CS304', 'Networks', 'BTECH', 3, 3.0),
(UNHEX(REPLACE('33333333-1111-1111-1111-111111111305', '-', '')), 'CS305', 'Software Engg', 'BTECH', 3, 3.0),
(UNHEX(REPLACE('33333333-1111-1111-1111-111111111401', '-', '')), 'CS401', 'Maths 3', 'BTECH', 4, 4.0),
(UNHEX(REPLACE('33333333-1111-1111-1111-111111111402', '-', '')), 'CS402', 'Compiler', 'BTECH', 4, 4.0),
(UNHEX(REPLACE('33333333-1111-1111-1111-111111111403', '-', '')), 'CS403', 'AI', 'BTECH', 4, 3.0),
(UNHEX(REPLACE('33333333-1111-1111-1111-111111111404', '-', '')), 'CS404', 'ML', 'BTECH', 4, 3.0),
(UNHEX(REPLACE('33333333-1111-1111-1111-111111111405', '-', '')), 'CS405', 'Web Tech', 'BTECH', 4, 3.0),
(UNHEX(REPLACE('33333333-1111-1111-1111-111111111501', '-', '')), 'CS501', 'Cloud', 'BTECH', 5, 4.0),
(UNHEX(REPLACE('33333333-1111-1111-1111-111111111502', '-', '')), 'CS502', 'Big Data', 'BTECH', 5, 4.0),
(UNHEX(REPLACE('33333333-1111-1111-1111-111111111503', '-', '')), 'CS503', 'IoT', 'BTECH', 5, 3.0),
(UNHEX(REPLACE('33333333-1111-1111-1111-111111111504', '-', '')), 'CS504', 'Cyber Sec', 'BTECH', 5, 3.0),
(UNHEX(REPLACE('33333333-1111-1111-1111-111111111505', '-', '')), 'CS505', 'Blockchain', 'BTECH', 5, 3.0);

INSERT INTO subject_branches (subject_id, branch) VALUES
(UNHEX(REPLACE('33333333-1111-1111-1111-111111111101', '-', '')), 'CSE'),
(UNHEX(REPLACE('33333333-1111-1111-1111-111111111102', '-', '')), 'CSE'),
(UNHEX(REPLACE('33333333-1111-1111-1111-111111111103', '-', '')), 'CSE'),
(UNHEX(REPLACE('33333333-1111-1111-1111-111111111104', '-', '')), 'CSE'),
(UNHEX(REPLACE('33333333-1111-1111-1111-111111111105', '-', '')), 'CSE'),
(UNHEX(REPLACE('33333333-1111-1111-1111-111111111201', '-', '')), 'CSE'),
(UNHEX(REPLACE('33333333-1111-1111-1111-111111111202', '-', '')), 'CSE'),
(UNHEX(REPLACE('33333333-1111-1111-1111-111111111203', '-', '')), 'CSE'),
(UNHEX(REPLACE('33333333-1111-1111-1111-111111111204', '-', '')), 'CSE'),
(UNHEX(REPLACE('33333333-1111-1111-1111-111111111205', '-', '')), 'CSE'),
(UNHEX(REPLACE('33333333-1111-1111-1111-111111111301', '-', '')), 'CSE'),
(UNHEX(REPLACE('33333333-1111-1111-1111-111111111302', '-', '')), 'CSE'),
(UNHEX(REPLACE('33333333-1111-1111-1111-111111111303', '-', '')), 'CSE'),
(UNHEX(REPLACE('33333333-1111-1111-1111-111111111304', '-', '')), 'CSE'),
(UNHEX(REPLACE('33333333-1111-1111-1111-111111111305', '-', '')), 'CSE'),
(UNHEX(REPLACE('33333333-1111-1111-1111-111111111401', '-', '')), 'CSE'),
(UNHEX(REPLACE('33333333-1111-1111-1111-111111111402', '-', '')), 'CSE'),
(UNHEX(REPLACE('33333333-1111-1111-1111-111111111403', '-', '')), 'CSE'),
(UNHEX(REPLACE('33333333-1111-1111-1111-111111111404', '-', '')), 'CSE'),
(UNHEX(REPLACE('33333333-1111-1111-1111-111111111405', '-', '')), 'CSE'),
(UNHEX(REPLACE('33333333-1111-1111-1111-111111111501', '-', '')), 'CSE'),
(UNHEX(REPLACE('33333333-1111-1111-1111-111111111502', '-', '')), 'CSE'),
(UNHEX(REPLACE('33333333-1111-1111-1111-111111111503', '-', '')), 'CSE'),
(UNHEX(REPLACE('33333333-1111-1111-1111-111111111504', '-', '')), 'CSE'),
(UNHEX(REPLACE('33333333-1111-1111-1111-111111111505', '-', '')), 'CSE');

-- Professor-Subject assignments
INSERT INTO professor_subject_assignments (professor_id, subject_id) VALUES
(UNHEX(REPLACE('11111111-1111-1111-1111-111111111101', '-', '')), UNHEX(REPLACE('33333333-1111-1111-1111-111111111101', '-', '')),
(UNHEX(REPLACE('11111111-1111-1111-1111-111111111102', '-', '')), UNHEX(REPLACE('33333333-1111-1111-1111-111111111102', '-', '')),
(UNHEX(REPLACE('11111111-1111-1111-1111-111111111103', '-', '')), UNHEX(REPLACE('33333333-1111-1111-1111-111111111103', '-', '')),
(UNHEX(REPLACE('11111111-1111-1111-1111-111111111104', '-', '')), UNHEX(REPLACE('33333333-1111-1111-1111-111111111104', '-', '')),
(UNHEX(REPLACE('11111111-1111-1111-1111-111111111105', '-', '')), UNHEX(REPLACE('33333333-1111-1111-1111-111111111105', '-', '')),
(UNHEX(REPLACE('11111111-1111-1111-1111-111111111106', '-', '')), UNHEX(REPLACE('33333333-1111-1111-1111-111111111201', '-', '')),
(UNHEX(REPLACE('11111111-1111-1111-1111-111111111107', '-', '')), UNHEX(REPLACE('33333333-1111-1111-1111-111111111202', '-', '')),
(UNHEX(REPLACE('11111111-1111-1111-1111-111111111108', '-', '')), UNHEX(REPLACE('33333333-1111-1111-1111-111111111203', '-', '')),
(UNHEX(REPLACE('11111111-1111-1111-1111-111111111109', '-', '')), UNHEX(REPLACE('33333333-1111-1111-1111-111111111204', '-', '')),
(UNHEX(REPLACE('11111111-1111-1111-1111-111111111110', '-', '')), UNHEX(REPLACE('33333333-1111-1111-1111-111111111205', '-', '')),
(UNHEX(REPLACE('11111111-1111-1111-1111-111111111111', '-', '')), UNHEX(REPLACE('33333333-1111-1111-1111-111111111301', '-', '')),
(UNHEX(REPLACE('11111111-1111-1111-1111-111111111112', '-', '')), UNHEX(REPLACE('33333333-1111-1111-1111-111111111302', '-', '')),
(UNHEX(REPLACE('11111111-1111-1111-1111-111111111113', '-', '')), UNHEX(REPLACE('33333333-1111-1111-1111-111111111303', '-', '')),
(UNHEX(REPLACE('11111111-1111-1111-1111-111111111114', '-', '')), UNHEX(REPLACE('33333333-1111-1111-1111-111111111304', '-', '')),
(UNHEX(REPLACE('11111111-1111-1111-1111-111111111115', '-', '')), UNHEX(REPLACE('33333333-1111-1111-1111-111111111305', '-', '')),
(UNHEX(REPLACE('11111111-1111-1111-1111-111111111116', '-', '')), UNHEX(REPLACE('33333333-1111-1111-1111-111111111401', '-', '')),
(UNHEX(REPLACE('11111111-1111-1111-1111-111111111117', '-', '')), UNHEX(REPLACE('33333333-1111-1111-1111-111111111402', '-', '')),
(UNHEX(REPLACE('11111111-1111-1111-1111-111111111118', '-', '')), UNHEX(REPLACE('33333333-1111-1111-1111-111111111403', '-', '')),
(UNHEX(REPLACE('11111111-1111-1111-1111-111111111119', '-', '')), UNHEX(REPLACE('33333333-1111-1111-1111-111111111404', '-', '')),
(UNHEX(REPLACE('11111111-1111-1111-1111-111111111120', '-', '')), UNHEX(REPLACE('33333333-1111-1111-1111-111111111405', '-', '')),
(UNHEX(REPLACE('11111111-1111-1111-1111-111111111121', '-', '')), UNHEX(REPLACE('33333333-1111-1111-1111-111111111501', '-', '')),
(UNHEX(REPLACE('11111111-1111-1111-1111-111111111122', '-', '')), UNHEX(REPLACE('33333333-1111-1111-1111-111111111502', '-', '')),
(UNHEX(REPLACE('11111111-1111-1111-1111-111111111123', '-', '')), UNHEX(REPLACE('33333333-1111-1111-1111-111111111503', '-', '')),
(UNHEX(REPLACE('11111111-1111-1111-1111-111111111124', '-', '')), UNHEX(REPLACE('33333333-1111-1111-1111-111111111504', '-', '')),
(UNHEX(REPLACE('11111111-1111-1111-1111-111111111125', '-', '')), UNHEX(REPLACE('33333333-1111-1111-1111-111111111505', '-', ''));

-- ENROLLMENTS and MARKS will be generated in the next step. 