-- Mock Data for Exam Cell System
-- This file contains comprehensive test data for all entities based on actual JPA models

-- Clear existing data (optional - uncomment if needed)
-- DELETE FROM marks_records;
-- DELETE FROM bonafide_requests;
-- DELETE FROM queries;
-- DELETE FROM enrollments;
-- DELETE FROM professor_subject_assignments;
-- DELETE FROM subject_branches;
-- DELETE FROM subjects;
-- DELETE FROM students;
-- DELETE FROM professors;
-- DELETE FROM users;

-- Insert Users (UUIDs as BINARY(16))
-- Note: Users table contains the base user data, specific user types are in separate tables
INSERT INTO users (id, username, password, first_name, last_name, role) VALUES
-- Admin users
(UNHEX('550e8400e29b41d4a716446655440000'), 'admin@examcell.com', '$2a$10$8EToaNeH2Pgg1QLF8nj9VesDC5s7XRjXLb7Q9BQYJapivqAlhUDyW', 'Admin', 'User', 'ADMIN'),
(UNHEX('550e8400e29b41d4a716446655440001'), 'admin2@examcell.com', '$2a$10$8EToaNeH2Pgg1QLF8nj9VesDC5s7XRjXLb7Q9BQYJapivqAlhUDyW', 'Admin', 'Two', 'ADMIN'),

-- Student users
(UNHEX('550e8400e29b41d4a716446655440002'), 'student1@examcell.com', '$2a$10$8EToaNeH2Pgg1QLF8nj9VesDC5s7XRjXLb7Q9BQYJapivqAlhUDyW', 'Rahul', 'Kumar', 'STUDENT'),
(UNHEX('550e8400e29b41d4a716446655440003'), 'student2@examcell.com', '$2a$10$8EToaNeH2Pgg1QLF8nj9VesDC5s7XRjXLb7Q9BQYJapivqAlhUDyW', 'Priya', 'Sharma', 'STUDENT'),
(UNHEX('550e8400e29b41d4a716446655440004'), 'student3@examcell.com', '$2a$10$8EToaNeH2Pgg1QLF8nj9VesDC5s7XRjXLb7Q9BQYJapivqAlhUDyW', 'Amit', 'Patel', 'STUDENT'),
(UNHEX('550e8400e29b41d4a716446655440005'), 'student4@examcell.com', '$2a$10$8EToaNeH2Pgg1QLF8nj9VesDC5s7XRjXLb7Q9BQYJapivqAlhUDyW', 'Sneha', 'Reddy', 'STUDENT'),
(UNHEX('550e8400e29b41d4a716446655440006'), 'student5@examcell.com', '$2a$10$8EToaNeH2Pgg1QLF8nj9VesDC5s7XRjXLb7Q9BQYJapivqAlhUDyW', 'Vikram', 'Singh', 'STUDENT'),

-- Professor users
(UNHEX('550e8400e29b41d4a716446655440007'), 'professor1@examcell.com', '$2a$10$8EToaNeH2Pgg1QLF8nj9VesDC5s7XRjXLb7Q9BQYJapivqAlhUDyW', 'Anil', 'Gupta', 'PROFESSOR'),
(UNHEX('550e8400e29b41d4a716446655440008'), 'professor2@examcell.com', '$2a$10$8EToaNeH2Pgg1QLF8nj9VesDC5s7XRjXLb7Q9BQYJapivqAlhUDyW', 'Sunita', 'Rao', 'PROFESSOR'),
(UNHEX('550e8400e29b41d4a716446655440009'), 'professor3@examcell.com', '$2a$10$8EToaNeH2Pgg1QLF8nj9VesDC5s7XRjXLb7Q9BQYJapivqAlhUDyW', 'Rajesh', 'Kumar', 'PROFESSOR');

-- Insert Students (extends User)
INSERT INTO students (id, roll_number, course, branch, batch_year) VALUES
(UNHEX('550e8400e29b41d4a716446655440002'), 'CSE2021001', 'BTECH', 'CSE', 2021),
(UNHEX('550e8400e29b41d4a716446655440003'), 'CSE2021002', 'BTECH', 'CSE', 2021),
(UNHEX('550e8400e29b41d4a716446655440004'), 'ECE2021001', 'BTECH', 'ECE', 2021),
(UNHEX('550e8400e29b41d4a716446655440005'), 'MECH2021001', 'BTECH', 'MECH', 2021),
(UNHEX('550e8400e29b41d4a716446655440006'), 'CIVIL2021001', 'BTECH', 'CIVIL', 2021);

-- Insert Professors (extends User)
INSERT INTO professors (id, employee_id, department) VALUES
(UNHEX('550e8400e29b41d4a716446655440007'), 'PROF001', 'Computer Science'),
(UNHEX('550e8400e29b41d4a716446655440008'), 'PROF002', 'Electronics'),
(UNHEX('550e8400e29b41d4a716446655440009'), 'PROF003', 'Mechanical');

-- Insert Admins (extends User)
INSERT INTO admins (id) VALUES
(UNHEX('550e8400e29b41d4a716446655440000')),
(UNHEX('550e8400e29b41d4a716446655440001'));

-- Insert Subjects
INSERT INTO subjects (id, code, name, description, course, semester, credits) VALUES
-- CSE Subjects
(UNHEX('550e8400e29b41d4a716446655440070'), 'CS301', 'Data Structures and Algorithms', 'Fundamental data structures and algorithms', 'BTECH', 3, 4),
(UNHEX('550e8400e29b41d4a716446655440071'), 'CS302', 'Database Management Systems', 'Database design and SQL', 'BTECH', 4, 4),
(UNHEX('550e8400e29b41d4a716446655440072'), 'CS401', 'Computer Networks', 'Network protocols and architecture', 'BTECH', 5, 4),
(UNHEX('550e8400e29b41d4a716446655440073'), 'CS402', 'Operating Systems', 'OS concepts and design', 'BTECH', 5, 4),
(UNHEX('550e8400e29b41d4a716446655440074'), 'CS501', 'Software Engineering', 'Software development lifecycle', 'BTECH', 6, 4),
(UNHEX('550e8400e29b41d4a716446655440075'), 'CS502', 'Web Technologies', 'Web development and frameworks', 'BTECH', 6, 4),
(UNHEX('550e8400e29b41d4a716446655440076'), 'CS601', 'Machine Learning', 'Introduction to machine learning algorithms', 'BTECH', 7, 4),
(UNHEX('550e8400e29b41d4a716446655440077'), 'CS602', 'Artificial Intelligence', 'AI concepts and applications', 'BTECH', 7, 4),
(UNHEX('550e8400e29b41d4a716446655440078'), 'CS701', 'Cloud Computing', 'Cloud platforms and services', 'BTECH', 8, 4),
(UNHEX('550e8400e29b41d4a716446655440079'), 'CS702', 'Cybersecurity', 'Network security and cryptography', 'BTECH', 8, 4),

-- ECE Subjects
(UNHEX('550e8400e29b41d4a716446655440080'), 'EC301', 'Digital Electronics', 'Digital logic and circuits', 'BTECH', 3, 4),
(UNHEX('550e8400e29b41d4a716446655440081'), 'EC302', 'Analog Communication', 'Analog communication systems', 'BTECH', 4, 4),
(UNHEX('550e8400e29b41d4a716446655440082'), 'EC401', 'Microprocessors', 'Microprocessor architecture and programming', 'BTECH', 5, 4),
(UNHEX('550e8400e29b41d4a716446655440083'), 'EC501', 'VLSI Design', 'Very Large Scale Integration design', 'BTECH', 6, 4),
(UNHEX('550e8400e29b41d4a716446655440084'), 'EC502', 'Wireless Communication', 'Wireless communication systems', 'BTECH', 6, 4),
(UNHEX('550e8400e29b41d4a716446655440085'), 'EC601', 'Digital Signal Processing', 'DSP algorithms and applications', 'BTECH', 7, 4),
(UNHEX('550e8400e29b41d4a716446655440086'), 'EC602', 'Embedded Systems', 'Embedded system design', 'BTECH', 7, 4),
(UNHEX('550e8400e29b41d4a716446655440087'), 'EC701', 'IoT Systems', 'Internet of Things architecture', 'BTECH', 8, 4),
(UNHEX('550e8400e29b41d4a716446655440088'), 'EC702', '5G Networks', '5G network technologies', 'BTECH', 8, 4),

-- MECH Subjects
(UNHEX('550e8400e29b41d4a716446655440090'), 'ME301', 'Thermodynamics', 'Thermodynamic principles', 'BTECH', 3, 4),
(UNHEX('550e8400e29b41d4a716446655440091'), 'ME302', 'Fluid Mechanics', 'Fluid dynamics and mechanics', 'BTECH', 4, 4),
(UNHEX('550e8400e29b41d4a716446655440092'), 'ME401', 'Machine Design', 'Machine design principles', 'BTECH', 5, 4),
(UNHEX('550e8400e29b41d4a716446655440093'), 'ME501', 'Manufacturing Processes', 'Advanced manufacturing techniques', 'BTECH', 6, 4),
(UNHEX('550e8400e29b41d4a716446655440094'), 'ME502', 'Robotics', 'Robotics and automation', 'BTECH', 6, 4),
(UNHEX('550e8400e29b41d4a716446655440095'), 'ME601', 'CAD/CAM', 'Computer Aided Design and Manufacturing', 'BTECH', 7, 4),
(UNHEX('550e8400e29b41d4a716446655440096'), 'ME602', 'Finite Element Analysis', 'FEA methods and applications', 'BTECH', 7, 4),
(UNHEX('550e8400e29b41d4a716446655440097'), 'ME701', 'Automotive Engineering', 'Vehicle design and systems', 'BTECH', 8, 4),
(UNHEX('550e8400e29b41d4a716446655440098'), 'ME702', 'Renewable Energy', 'Sustainable energy systems', 'BTECH', 8, 4),

-- CIVIL Subjects
(UNHEX('550e8400e29b41d4a7164466554400A0'), 'CV301', 'Structural Analysis', 'Structural analysis methods', 'BTECH', 3, 4),
(UNHEX('550e8400e29b41d4a7164466554400A1'), 'CV302', 'Transportation Engineering', 'Transportation systems', 'BTECH', 4, 4),
(UNHEX('550e8400e29b41d4a7164466554400A2'), 'CV401', 'Geotechnical Engineering', 'Soil mechanics and foundation', 'BTECH', 5, 4),
(UNHEX('550e8400e29b41d4a7164466554400A3'), 'CV501', 'Environmental Engineering', 'Environmental systems and pollution control', 'BTECH', 6, 4),
(UNHEX('550e8400e29b41d4a7164466554400A4'), 'CV502', 'Water Resources Engineering', 'Water management and hydrology', 'BTECH', 6, 4),
(UNHEX('550e8400e29b41d4a7164466554400A5'), 'CV601', 'Construction Management', 'Project management in construction', 'BTECH', 7, 4),
(UNHEX('550e8400e29b41d4a7164466554400A6'), 'CV602', 'Earthquake Engineering', 'Seismic design and analysis', 'BTECH', 7, 4),
(UNHEX('550e8400e29b41d4a7164466554400A7'), 'CV701', 'Smart Cities', 'Urban planning and smart infrastructure', 'BTECH', 8, 4),
(UNHEX('550e8400e29b41d4a7164466554400A8'), 'CV702', 'Sustainable Construction', 'Green building and sustainability', 'BTECH', 8, 4);

-- Insert Subject Branches (Many-to-Many relationship)
INSERT INTO subject_branches (subject_id, branch) VALUES
-- CSE Subjects
(UNHEX('550e8400e29b41d4a716446655440070'), 'CSE'),
(UNHEX('550e8400e29b41d4a716446655440071'), 'CSE'),
(UNHEX('550e8400e29b41d4a716446655440072'), 'CSE'),
(UNHEX('550e8400e29b41d4a716446655440073'), 'CSE'),
(UNHEX('550e8400e29b41d4a716446655440074'), 'CSE'),
(UNHEX('550e8400e29b41d4a716446655440075'), 'CSE'),
(UNHEX('550e8400e29b41d4a716446655440076'), 'CSE'),
(UNHEX('550e8400e29b41d4a716446655440077'), 'CSE'),
(UNHEX('550e8400e29b41d4a716446655440078'), 'CSE'),
(UNHEX('550e8400e29b41d4a716446655440079'), 'CSE'),

-- ECE Subjects
(UNHEX('550e8400e29b41d4a716446655440080'), 'ECE'),
(UNHEX('550e8400e29b41d4a716446655440081'), 'ECE'),
(UNHEX('550e8400e29b41d4a716446655440082'), 'ECE'),
(UNHEX('550e8400e29b41d4a716446655440083'), 'ECE'),
(UNHEX('550e8400e29b41d4a716446655440084'), 'ECE'),
(UNHEX('550e8400e29b41d4a716446655440085'), 'ECE'),
(UNHEX('550e8400e29b41d4a716446655440086'), 'ECE'),
(UNHEX('550e8400e29b41d4a716446655440087'), 'ECE'),
(UNHEX('550e8400e29b41d4a716446655440088'), 'ECE'),

-- MECH Subjects
(UNHEX('550e8400e29b41d4a716446655440090'), 'MECH'),
(UNHEX('550e8400e29b41d4a716446655440091'), 'MECH'),
(UNHEX('550e8400e29b41d4a716446655440092'), 'MECH'),
(UNHEX('550e8400e29b41d4a716446655440093'), 'MECH'),
(UNHEX('550e8400e29b41d4a716446655440094'), 'MECH'),
(UNHEX('550e8400e29b41d4a716446655440095'), 'MECH'),
(UNHEX('550e8400e29b41d4a716446655440096'), 'MECH'),
(UNHEX('550e8400e29b41d4a716446655440097'), 'MECH'),
(UNHEX('550e8400e29b41d4a716446655440098'), 'MECH'),

-- CIVIL Subjects
(UNHEX('550e8400e29b41d4a7164466554400A0'), 'CIVIL'),
(UNHEX('550e8400e29b41d4a7164466554400A1'), 'CIVIL'),
(UNHEX('550e8400e29b41d4a7164466554400A2'), 'CIVIL'),
(UNHEX('550e8400e29b41d4a7164466554400A3'), 'CIVIL'),
(UNHEX('550e8400e29b41d4a7164466554400A4'), 'CIVIL'),
(UNHEX('550e8400e29b41d4a7164466554400A5'), 'CIVIL'),
(UNHEX('550e8400e29b41d4a7164466554400A6'), 'CIVIL'),
(UNHEX('550e8400e29b41d4a7164466554400A7'), 'CIVIL'),
(UNHEX('550e8400e29b41d4a7164466554400A8'), 'CIVIL');

-- Insert Professor Subject Assignments (Many-to-Many relationship)
INSERT INTO professor_subject_assignments (professor_id, subject_id) VALUES
-- Professor 1 (Computer Science) - CSE subjects
(UNHEX('550e8400e29b41d4a716446655440007'), UNHEX('550e8400e29b41d4a716446655440070')),
(UNHEX('550e8400e29b41d4a716446655440007'), UNHEX('550e8400e29b41d4a716446655440071')),
(UNHEX('550e8400e29b41d4a716446655440007'), UNHEX('550e8400e29b41d4a716446655440072')),
(UNHEX('550e8400e29b41d4a716446655440007'), UNHEX('550e8400e29b41d4a716446655440073')),
(UNHEX('550e8400e29b41d4a716446655440007'), UNHEX('550e8400e29b41d4a716446655440074')),
(UNHEX('550e8400e29b41d4a716446655440007'), UNHEX('550e8400e29b41d4a716446655440075')),
(UNHEX('550e8400e29b41d4a716446655440007'), UNHEX('550e8400e29b41d4a716446655440076')),
(UNHEX('550e8400e29b41d4a716446655440007'), UNHEX('550e8400e29b41d4a716446655440077')),
(UNHEX('550e8400e29b41d4a716446655440007'), UNHEX('550e8400e29b41d4a716446655440078')),
(UNHEX('550e8400e29b41d4a716446655440007'), UNHEX('550e8400e29b41d4a716446655440079')),

-- Professor 2 (Electronics) - ECE subjects
(UNHEX('550e8400e29b41d4a716446655440008'), UNHEX('550e8400e29b41d4a716446655440080')),
(UNHEX('550e8400e29b41d4a716446655440008'), UNHEX('550e8400e29b41d4a716446655440081')),
(UNHEX('550e8400e29b41d4a716446655440008'), UNHEX('550e8400e29b41d4a716446655440082')),
(UNHEX('550e8400e29b41d4a716446655440008'), UNHEX('550e8400e29b41d4a716446655440083')),
(UNHEX('550e8400e29b41d4a716446655440008'), UNHEX('550e8400e29b41d4a716446655440084')),
(UNHEX('550e8400e29b41d4a716446655440008'), UNHEX('550e8400e29b41d4a716446655440085')),
(UNHEX('550e8400e29b41d4a716446655440008'), UNHEX('550e8400e29b41d4a716446655440086')),
(UNHEX('550e8400e29b41d4a716446655440008'), UNHEX('550e8400e29b41d4a716446655440087')),
(UNHEX('550e8400e29b41d4a716446655440008'), UNHEX('550e8400e29b41d4a716446655440088')),

-- Professor 3 (Mechanical) - MECH subjects
(UNHEX('550e8400e29b41d4a716446655440009'), UNHEX('550e8400e29b41d4a716446655440090')),
(UNHEX('550e8400e29b41d4a716446655440009'), UNHEX('550e8400e29b41d4a716446655440091')),
(UNHEX('550e8400e29b41d4a716446655440009'), UNHEX('550e8400e29b41d4a716446655440092')),
(UNHEX('550e8400e29b41d4a716446655440009'), UNHEX('550e8400e29b41d4a716446655440093')),
(UNHEX('550e8400e29b41d4a716446655440009'), UNHEX('550e8400e29b41d4a716446655440094')),
(UNHEX('550e8400e29b41d4a716446655440009'), UNHEX('550e8400e29b41d4a716446655440095')),
(UNHEX('550e8400e29b41d4a716446655440009'), UNHEX('550e8400e29b41d4a716446655440096')),
(UNHEX('550e8400e29b41d4a716446655440009'), UNHEX('550e8400e29b41d4a716446655440097')),
(UNHEX('550e8400e29b41d4a716446655440009'), UNHEX('550e8400e29b41d4a716446655440098')),

-- Professor 3 also handles CIVIL subjects (since we only have 3 professors)
(UNHEX('550e8400e29b41d4a716446655440009'), UNHEX('550e8400e29b41d4a7164466554400A0')),
(UNHEX('550e8400e29b41d4a716446655440009'), UNHEX('550e8400e29b41d4a7164466554400A1')),
(UNHEX('550e8400e29b41d4a716446655440009'), UNHEX('550e8400e29b41d4a7164466554400A2')),
(UNHEX('550e8400e29b41d4a716446655440009'), UNHEX('550e8400e29b41d4a7164466554400A3')),
(UNHEX('550e8400e29b41d4a716446655440009'), UNHEX('550e8400e29b41d4a7164466554400A4')),
(UNHEX('550e8400e29b41d4a716446655440009'), UNHEX('550e8400e29b41d4a7164466554400A5')),
(UNHEX('550e8400e29b41d4a716446655440009'), UNHEX('550e8400e29b41d4a7164466554400A6')),
(UNHEX('550e8400e29b41d4a716446655440009'), UNHEX('550e8400e29b41d4a7164466554400A7')),
(UNHEX('550e8400e29b41d4a716446655440009'), UNHEX('550e8400e29b41d4a7164466554400A8'));

-- Insert Enrollments
INSERT INTO enrollments (id, student_id, subject_id, enrollment_date) VALUES
-- Rahul Kumar (CSE) enrollments
(UNHEX('550e8400e29b41d4a716446655440090'), UNHEX('550e8400e29b41d4a716446655440002'), UNHEX('550e8400e29b41d4a716446655440070'), NOW()),
(UNHEX('550e8400e29b41d4a716446655440091'), UNHEX('550e8400e29b41d4a716446655440002'), UNHEX('550e8400e29b41d4a716446655440071'), NOW()),
(UNHEX('550e8400e29b41d4a716446655440092'), UNHEX('550e8400e29b41d4a716446655440002'), UNHEX('550e8400e29b41d4a716446655440072'), NOW()),
(UNHEX('550e8400e29b41d4a716446655440093'), UNHEX('550e8400e29b41d4a716446655440002'), UNHEX('550e8400e29b41d4a716446655440073'), NOW()),
(UNHEX('550e8400e29b41d4a716446655440094'), UNHEX('550e8400e29b41d4a716446655440002'), UNHEX('550e8400e29b41d4a716446655440074'), NOW()),
(UNHEX('550e8400e29b41d4a716446655440095'), UNHEX('550e8400e29b41d4a716446655440002'), UNHEX('550e8400e29b41d4a716446655440075'), NOW()),

-- Priya Sharma (CSE) enrollments
(UNHEX('550e8400e29b41d4a716446655440096'), UNHEX('550e8400e29b41d4a716446655440003'), UNHEX('550e8400e29b41d4a716446655440070'), NOW()),
(UNHEX('550e8400e29b41d4a716446655440097'), UNHEX('550e8400e29b41d4a716446655440003'), UNHEX('550e8400e29b41d4a716446655440071'), NOW()),
(UNHEX('550e8400e29b41d4a716446655440098'), UNHEX('550e8400e29b41d4a716446655440003'), UNHEX('550e8400e29b41d4a716446655440072'), NOW()),
(UNHEX('550e8400e29b41d4a716446655440099'), UNHEX('550e8400e29b41d4a716446655440003'), UNHEX('550e8400e29b41d4a716446655440073'), NOW()),
(UNHEX('550e8400e29b41d4a71644665544009A'), UNHEX('550e8400e29b41d4a716446655440003'), UNHEX('550e8400e29b41d4a716446655440074'), NOW()),
(UNHEX('550e8400e29b41d4a71644665544009B'), UNHEX('550e8400e29b41d4a716446655440003'), UNHEX('550e8400e29b41d4a716446655440075'), NOW()),

-- Amit Patel (ECE) enrollments
(UNHEX('550e8400e29b41d4a71644665544009C'), UNHEX('550e8400e29b41d4a716446655440004'), UNHEX('550e8400e29b41d4a716446655440080'), NOW()),
(UNHEX('550e8400e29b41d4a71644665544009D'), UNHEX('550e8400e29b41d4a716446655440004'), UNHEX('550e8400e29b41d4a716446655440081'), NOW()),
(UNHEX('550e8400e29b41d4a71644665544009E'), UNHEX('550e8400e29b41d4a716446655440004'), UNHEX('550e8400e29b41d4a716446655440082'), NOW()),

-- Sneha Reddy (MECH) enrollments
(UNHEX('550e8400e29b41d4a71644665544009F'), UNHEX('550e8400e29b41d4a716446655440005'), UNHEX('550e8400e29b41d4a716446655440090'), NOW()),
(UNHEX('550e8400e29b41d4a7164466554400A0'), UNHEX('550e8400e29b41d4a716446655440005'), UNHEX('550e8400e29b41d4a716446655440091'), NOW()),
(UNHEX('550e8400e29b41d4a7164466554400A1'), UNHEX('550e8400e29b41d4a716446655440005'), UNHEX('550e8400e29b41d4a716446655440092'), NOW()),

-- Vikram Singh (CIVIL) enrollments
(UNHEX('550e8400e29b41d4a7164466554400A2'), UNHEX('550e8400e29b41d4a716446655440006'), UNHEX('550e8400e29b41d4a7164466554400A0'), NOW()),
(UNHEX('550e8400e29b41d4a7164466554400A3'), UNHEX('550e8400e29b41d4a716446655440006'), UNHEX('550e8400e29b41d4a7164466554400A1'), NOW()),
(UNHEX('550e8400e29b41d4a7164466554400A4'), UNHEX('550e8400e29b41d4a716446655440006'), UNHEX('550e8400e29b41d4a7164466554400A2'), NOW());

-- Insert Marks Records
INSERT INTO marks_records (id, student_id, subject_id, internal1, internal2, external, max_marks, entered_by_professor_id, created_at, updated_at) VALUES
-- Rahul Kumar marks
(UNHEX('550e8400e29b41d4a7164466554400B0'), UNHEX('550e8400e29b41d4a716446655440002'), UNHEX('550e8400e29b41d4a716446655440070'), 85.0, 88.0, 78.0, 100.0, UNHEX('550e8400e29b41d4a716446655440007'), NOW(), NOW()),
(UNHEX('550e8400e29b41d4a7164466554400B1'), UNHEX('550e8400e29b41d4a716446655440002'), UNHEX('550e8400e29b41d4a716446655440071'), 90.0, 92.0, 85.0, 100.0, UNHEX('550e8400e29b41d4a716446655440007'), NOW(), NOW()),
(UNHEX('550e8400e29b41d4a7164466554400B2'), UNHEX('550e8400e29b41d4a716446655440002'), UNHEX('550e8400e29b41d4a716446655440072'), 88.0, 87.0, 82.0, 100.0, UNHEX('550e8400e29b41d4a716446655440007'), NOW(), NOW()),
(UNHEX('550e8400e29b41d4a7164466554400B3'), UNHEX('550e8400e29b41d4a716446655440002'), UNHEX('550e8400e29b41d4a716446655440073'), 92.0, 90.0, 88.0, 100.0, UNHEX('550e8400e29b41d4a716446655440007'), NOW(), NOW()),
(UNHEX('550e8400e29b41d4a7164466554400B4'), UNHEX('550e8400e29b41d4a716446655440002'), UNHEX('550e8400e29b41d4a716446655440074'), 87.0, 89.0, 80.0, 100.0, UNHEX('550e8400e29b41d4a716446655440007'), NOW(), NOW()),
(UNHEX('550e8400e29b41d4a7164466554400B5'), UNHEX('550e8400e29b41d4a716446655440002'), UNHEX('550e8400e29b41d4a716446655440075'), 89.0, 91.0, 84.0, 100.0, UNHEX('550e8400e29b41d4a716446655440007'), NOW(), NOW()),

-- Priya Sharma marks
(UNHEX('550e8400e29b41d4a7164466554400B6'), UNHEX('550e8400e29b41d4a716446655440003'), UNHEX('550e8400e29b41d4a716446655440070'), 92.0, 94.0, 88.0, 100.0, UNHEX('550e8400e29b41d4a716446655440007'), NOW(), NOW()),
(UNHEX('550e8400e29b41d4a7164466554400B7'), UNHEX('550e8400e29b41d4a716446655440003'), UNHEX('550e8400e29b41d4a716446655440071'), 88.0, 90.0, 85.0, 100.0, UNHEX('550e8400e29b41d4a716446655440007'), NOW(), NOW()),
(UNHEX('550e8400e29b41d4a7164466554400B8'), UNHEX('550e8400e29b41d4a716446655440003'), UNHEX('550e8400e29b41d4a716446655440072'), 90.0, 92.0, 87.0, 100.0, UNHEX('550e8400e29b41d4a716446655440007'), NOW(), NOW()),
(UNHEX('550e8400e29b41d4a7164466554400B9'), UNHEX('550e8400e29b41d4a716446655440003'), UNHEX('550e8400e29b41d4a716446655440073'), 85.0, 87.0, 82.0, 100.0, UNHEX('550e8400e29b41d4a716446655440007'), NOW(), NOW()),
(UNHEX('550e8400e29b41d4a7164466554400BA'), UNHEX('550e8400e29b41d4a716446655440003'), UNHEX('550e8400e29b41d4a716446655440074'), 87.0, 89.0, 83.0, 100.0, UNHEX('550e8400e29b41d4a716446655440007'), NOW(), NOW()),
(UNHEX('550e8400e29b41d4a7164466554400BB'), UNHEX('550e8400e29b41d4a716446655440003'), UNHEX('550e8400e29b41d4a716446655440075'), 91.0, 93.0, 86.0, 100.0, UNHEX('550e8400e29b41d4a716446655440007'), NOW(), NOW()),

-- Amit Patel marks
(UNHEX('550e8400e29b41d4a7164466554400BC'), UNHEX('550e8400e29b41d4a716446655440004'), UNHEX('550e8400e29b41d4a716446655440080'), 78.0, 80.0, 75.0, 100.0, UNHEX('550e8400e29b41d4a716446655440008'), NOW(), NOW()),
(UNHEX('550e8400e29b41d4a7164466554400BD'), UNHEX('550e8400e29b41d4a716446655440004'), UNHEX('550e8400e29b41d4a716446655440081'), 82.0, 84.0, 78.0, 100.0, UNHEX('550e8400e29b41d4a716446655440008'), NOW(), NOW()),
(UNHEX('550e8400e29b41d4a7164466554400BE'), UNHEX('550e8400e29b41d4a716446655440004'), UNHEX('550e8400e29b41d4a716446655440082'), 85.0, 87.0, 80.0, 100.0, UNHEX('550e8400e29b41d4a716446655440008'), NOW(), NOW()),

-- Sneha Reddy marks
(UNHEX('550e8400e29b41d4a7164466554400BF'), UNHEX('550e8400e29b41d4a716446655440005'), UNHEX('550e8400e29b41d4a716446655440090'), 80.0, 82.0, 76.0, 100.0, UNHEX('550e8400e29b41d4a716446655440009'), NOW(), NOW()),
(UNHEX('550e8400e29b41d4a7164466554400C0'), UNHEX('550e8400e29b41d4a716446655440005'), UNHEX('550e8400e29b41d4a716446655440091'), 84.0, 86.0, 79.0, 100.0, UNHEX('550e8400e29b41d4a716446655440009'), NOW(), NOW()),
(UNHEX('550e8400e29b41d4a7164466554400C1'), UNHEX('550e8400e29b41d4a716446655440005'), UNHEX('550e8400e29b41d4a716446655440092'), 87.0, 89.0, 82.0, 100.0, UNHEX('550e8400e29b41d4a716446655440009'), NOW(), NOW()),

-- Vikram Singh marks
(UNHEX('550e8400e29b41d4a7164466554400C2'), UNHEX('550e8400e29b41d4a716446655440006'), UNHEX('550e8400e29b41d4a7164466554400A0'), 89.0, 91.0, 85.0, 100.0, UNHEX('550e8400e29b41d4a716446655440009'), NOW(), NOW()),
(UNHEX('550e8400e29b41d4a7164466554400C3'), UNHEX('550e8400e29b41d4a716446655440006'), UNHEX('550e8400e29b41d4a7164466554400A1'), 86.0, 88.0, 83.0, 100.0, UNHEX('550e8400e29b41d4a716446655440009'), NOW(), NOW()),
(UNHEX('550e8400e29b41d4a7164466554400C4'), UNHEX('550e8400e29b41d4a716446655440006'), UNHEX('550e8400e29b41d4a7164466554400A2'), 91.0, 93.0, 87.0, 100.0, UNHEX('550e8400e29b41d4a716446655440009'), NOW(), NOW());

-- Insert Bonafide Requests
INSERT INTO bonafide_requests (id, student_id, reason, status, requested_at, processed_at, processed_by_admin_id) VALUES
(UNHEX('550e8400e29b41d4a7164466554400D0'), UNHEX('550e8400e29b41d4a716446655440002'), 'Bank Account Opening - Need bonafide certificate for opening a new bank account', 'APPROVED', NOW(), NOW(), UNHEX('550e8400e29b41d4a716446655440000')),
(UNHEX('550e8400e29b41d4a7164466554400D1'), UNHEX('550e8400e29b41d4a716446655440003'), 'Scholarship Application - Applying for merit-based scholarship', 'PENDING', NOW(), NULL, NULL),
(UNHEX('550e8400e29b41d4a7164466554400D2'), UNHEX('550e8400e29b41d4a716446655440004'), 'Visa Application - Need bonafide for student visa application', 'APPROVED', NOW(), NOW(), UNHEX('550e8400e29b41d4a716446655440000')),
(UNHEX('550e8400e29b41d4a7164466554400D3'), UNHEX('550e8400e29b41d4a716446655440005'), 'Internship Application - Required for summer internship program', 'REJECTED', NOW(), NOW(), UNHEX('550e8400e29b41d4a716446655440000')),
(UNHEX('550e8400e29b41d4a7164466554400D4'), UNHEX('550e8400e29b41d4a716446655440006'), 'Library Membership - Need bonafide for external library access', 'APPROVED', NOW(), NOW(), UNHEX('550e8400e29b41d4a716446655440001'));

-- Insert Queries
INSERT INTO queries (id, student_id, teacher_id, subject, query_text, response, responded_by, responded_at, status, created_at) VALUES
(UNHEX('550e8400e29b41d4a7164466554400E0'), UNHEX('550e8400e29b41d4a716446655440002'), UNHEX('550e8400e29b41d4a716446655440007'), 'Data Structures and Algorithms', 'I found a discrepancy in my Data Structures marks. The internal marks seem incorrect. Please review and correct if needed.', NULL, NULL, NULL, 'OPEN', NOW()),
(UNHEX('550e8400e29b41d4a7164466554400E1'), UNHEX('550e8400e29b41d4a716446655440003'), UNHEX('550e8400e29b41d4a716446655440007'), 'Database Management Systems', 'When will the semester 6 exams be scheduled? I need to plan my study schedule accordingly.', 'Exams will be scheduled in May 2024. Check the notice board for updates.', 'admin@examcell.com', NOW(), 'RESOLVED', NOW()),
(UNHEX('550e8400e29b41d4a7164466554400E2'), UNHEX('550e8400e29b41d4a716446655440004'), UNHEX('550e8400e29b41d4a716446655440008'), 'Digital Electronics', 'I want to register for an additional elective subject. What is the process and deadline?', NULL, NULL, NULL, 'OPEN', NOW()),
(UNHEX('550e8400e29b41d4a7164466554400E3'), UNHEX('550e8400e29b41d4a716446655440005'), UNHEX('550e8400e29b41d4a716446655440009'), 'Thermodynamics', 'How is the final grade calculated for semester 5? What is the weightage for internal and external marks?', 'Final grade is calculated as 40% internal (average of internal1 and internal2) + 60% external marks.', 'admin@examcell.com', NOW(), 'RESOLVED', NOW()),
(UNHEX('550e8400e29b41d4a7164466554400E4'), UNHEX('550e8400e29b41d4a716446655440006'), UNHEX('550e8400e29b41d4a716446655440009'), 'Structural Analysis', 'My attendance shows less than 75%. What should I do to improve my attendance?', NULL, NULL, NULL, 'OPEN', NOW());

-- Test Data Summary:
-- 1. Users: 2 Admins, 5 Students, 3 Professors
-- 2. Students: 5 students across different branches (CSE, ECE, MECH, CIVIL)
-- 3. Professors: 3 professors with different departments
-- 4. Subjects: 14 subjects across different branches and semesters (3-6)
-- 5. Subject Branches: Many-to-many relationship between subjects and branches
-- 6. Professor Assignments: Many-to-many relationship between professors and subjects
-- 7. Enrollments: 21 enrollments covering different students and subjects
-- 8. Marks Records: 21 marks records with internal1, internal2, and external marks
-- 9. Bonafide Requests: 5 requests with different statuses
-- 10. Queries: 5 queries with different statuses

-- Login Credentials for Testing:
-- Admin: admin@examcell.com / password
-- Student: student1@examcell.com / password
-- Professor: professor1@examcell.com / password
-- (All passwords are hashed with bcrypt, the hash represents "password")

-- Notes:
-- 1. All UUIDs are stored as BINARY(16) using UNHEX()
-- 2. User inheritance is implemented using JOINED strategy
-- 3. Many-to-many relationships are properly maintained
-- 4. Timestamps are automatically managed by Hibernate
-- 5. Foreign key relationships are correctly established
-- 6. CORRECT BCrypt hash for "password": $2a$10$8EToaNeH2Pgg1QLF8nj9VesDC5s7XRjXLb7Q9BQYJapivqAlhUDyW 